"county","precinct","office","district","party","candidate","votes"
"SULLIVAN","02HV Holston View","State Senate","02","REP","Ron Ramsey",568
"SULLIVAN","01 South Holston Rur","State Senate","02","REP","Ron Ramsey",42
"SULLIVAN","05N Sullivan Co Off","State Senate","02","REP","Ron Ramsey",126
"SULLIVAN","02VP Valley Pike Sch","State Senate","02","REP","Ron Ramsey",46
"SULLIVAN","03 Hickory Tree Fire","State Senate","02","REP","Ron Ramsey",96
"SULLIVAN","04A Avoca School","State Senate","02","REP","Ron Ramsey",347
"SULLIVAN","08 Buffalo Ruritan","State Senate","02","REP","Ron Ramsey",59
"SULLIVAN","05S Sullivan Co Fire","State Senate","02","REP","Ron Ramsey",179
"SULLIVAN","06 Central Hghts Sch","State Senate","02","REP","Ron Ramsey",93
"JOHNSON","1A Laurel","State Senate","02","REP","Ron Ramsey",62
"JOHNSON","1B Cold Springs","State Senate","02","REP","Ron Ramsey",47
"JOHNSON","2 Forge/Shouns","State Senate","02","REP","Ron Ramsey",64
"JOHNSON","3A Trade","State Senate","02","REP","Ron Ramsey",37
"JOHNSON","3B Neva","State Senate","02","REP","Ron Ramsey",88
"JOHNSON","4A Dry Run","State Senate","02","REP","Ron Ramsey",34
"JOHNSON","4B Butler","State Senate","02","REP","Ron Ramsey",37
"JOHNSON","5 Doe","State Senate","02","REP","Ron Ramsey",66
"JOHNSON","6A Shady","State Senate","02","REP","Ron Ramsey",70
"SULLIVAN","07 Indian Spgs Sch","State Senate","02","REP","Ron Ramsey",312
"SULLIVAN","21 East High School","State Senate","02","REP","Ron Ramsey",193
"SULLIVAN","22 Holston Valley","State Senate","02","REP","Ron Ramsey",51
"SULLIVAN","ABSENTEE","State Senate","02","REP","Ron Ramsey",175
"SULLIVAN","EARLY","State Senate","02","REP","Ron Ramsey",1763
"SULLIVAN","11D NE Church Christ","State Senate","02","REP","Ron Ramsey",86
"SULLIVAN","11E Renaissance Ctr","State Senate","02","REP","Ron Ramsey",32
"SULLIVAN","11G Gravely School","State Senate","02","REP","Ron Ramsey",20
"SULLIVAN","11R Kingsport Church","State Senate","02","REP","Ron Ramsey",48
"SULLIVAN","11S Civic Auditorium","State Senate","02","REP","Ron Ramsey",50
"SULLIVAN","11W Kingsport Libr","State Senate","02","REP","Ron Ramsey",49
"SULLIVAN","12CB Clouds Bend UMC","State Senate","02","REP","Ron Ramsey",95
"SULLIVAN","12LG Lynn View Mid","State Senate","02","REP","Ron Ramsey",53
"SULLIVAN","12OK Ft. Robinson","State Senate","02","REP","Ron Ramsey",50
"SULLIVAN","09 Piney Flats Fire","State Senate","02","REP","Ron Ramsey",93
"SULLIVAN","10BD Ketron Middle","State Senate","02","REP","Ron Ramsey",53
"SULLIVAN","10OB Orebank Mission","State Senate","02","REP","Ron Ramsey",27
"SULLIVAN","11CG Cedar Grove Sch","State Senate","02","REP","Ron Ramsey",25
"SULLIVAN","16BC Bluff City Mid","State Senate","02","REP","Ron Ramsey",134
"SULLIVAN","16CG Chinquapin Rur","State Senate","02","REP","Ron Ramsey",66
"SULLIVAN","17E Fairmount School","State Senate","02","REP","Ron Ramsey",209
"SULLIVAN","17S Haynesfield Sch","State Senate","02","REP","Ron Ramsey",225
"SULLIVAN","17W Anderson School","State Senate","02","REP","Ron Ramsey",324
"SULLIVAN","18 Holston School","State Senate","02","REP","Ron Ramsey",64
"SULLIVAN","19H Jacobs Crk Job","State Senate","02","REP","Ron Ramsey",6
"SULLIVAN","20 Rocky Spgs Comm","State Senate","02","REP","Ron Ramsey",72
"JOHNSON","6B Sutherland","State Senate","02","REP","Ron Ramsey",10
"SULLIVAN","13P Sullivan So High","State Senate","02","REP","Ron Ramsey",112
"SULLIVAN","14CH Colonial Hghts","State Senate","02","REP","Ron Ramsey",147
"SULLIVAN","14MP Miller Perry ES","State Senate","02","REP","Ron Ramsey",92
"SULLIVAN","15 Sullivan West Mid","State Senate","02","REP","Ron Ramsey",91
"JOHNSON","EARLY","State Senate","02","REP","Ron Ramsey",0
"JOHNSON","7A High School","State Senate","02","REP","Ron Ramsey",71
"JOHNSON","7B City School","State Senate","02","REP","Ron Ramsey",34
"JOHNSON","ABSENTEE","State Senate","02","REP","Ron Ramsey",392
"HANCOCK","7th","State Senate","04","REP","Mike Williams",44
"HANCOCK","ABSENTEE","State Senate","04","REP","Mike Williams",25
"HANCOCK","EARLY","State Senate","04","REP","Mike Williams",159
"HAWKINS","1 Armory","State Senate","04","REP","Mike Williams",20
"HAWKINS","1 Mount Carmel","State Senate","04","REP","Mike Williams",41
"HAWKINS","2 Church Hill","State Senate","04","REP","Mike Williams",86
"HAWKINS","2 McPheeter's Bend","State Senate","04","REP","Mike Williams",31
"HAWKINS","3 Carter's Valley","State Senate","04","REP","Mike Williams",27
"HANCOCK","6th","State Senate","04","REP","Mike Williams",36
"CLAIBORNE","Big Spring Union","State Senate","04","REP","Mike Williams",96
"CLAIBORNE","Clairfield","State Senate","04","REP","Mike Williams",16
"CLAIBORNE","Clouds","State Senate","04","REP","Mike Williams",69
"CLAIBORNE","Cumberland Gap","State Senate","04","REP","Mike Williams",23
"CLAIBORNE","Gibson Hall","State Senate","04","REP","Mike Williams",18
"CLAIBORNE","Goin","State Senate","04","REP","Mike Williams",63
"CLAIBORNE","Harrogate","State Senate","04","REP","Mike Williams",79
"CLAIBORNE","Howard's Quarter","State Senate","04","REP","Mike Williams",46
"CLAIBORNE","Liberty","State Senate","04","REP","Mike Williams",41
"CLAIBORNE","Lone Mountain","State Senate","04","REP","Mike Williams",42
"CLAIBORNE","New Tazewell","State Senate","04","REP","Mike Williams",156
"CLAIBORNE","North Bacchus","State Senate","04","REP","Mike Williams",26
"CLAIBORNE","Rogers Mill","State Senate","04","REP","Mike Williams",118
"CLAIBORNE","Sandlick","State Senate","04","REP","Mike Williams",58
"CLAIBORNE","Shawanee","State Senate","04","REP","Mike Williams",74
"CLAIBORNE","South Bacchus","State Senate","04","REP","Mike Williams",16
"CLAIBORNE","Springdale","State Senate","04","REP","Mike Williams",111
"CLAIBORNE","Tazewell","State Senate","04","REP","Mike Williams",159
"CLAIBORNE","Vanbebber Springs","State Senate","04","REP","Mike Williams",81
"CLAIBORNE","z-ABSENTEE","State Senate","04","REP","Mike Williams",560
"CLAIBORNE","z-EARLY","State Senate","04","REP","Mike Williams",0
"GRAINGER","1-1","State Senate","04","REP","Mike Williams",97
"GRAINGER","1-2","State Senate","04","REP","Mike Williams",104
"GRAINGER","2-1","State Senate","04","REP","Mike Williams",42
"GRAINGER","2-2","State Senate","04","REP","Mike Williams",108
"GRAINGER","3-1","State Senate","04","REP","Mike Williams",82
"GRAINGER","3-2","State Senate","04","REP","Mike Williams",97
"GRAINGER","4-1","State Senate","04","REP","Mike Williams",41
"GRAINGER","4-2","State Senate","04","REP","Mike Williams",77
"GRAINGER","5-1","State Senate","04","REP","Mike Williams",45
"GRAINGER","5-2","State Senate","04","REP","Mike Williams",53
"GRAINGER","ABSENTEE","State Senate","04","REP","Mike Williams",27
"GRAINGER","EARLY","State Senate","04","REP","Mike Williams",291
"HANCOCK","1st","State Senate","04","REP","Mike Williams",43
"HANCOCK","2nd","State Senate","04","REP","Mike Williams",66
"HANCOCK","3rd","State Senate","04","REP","Mike Williams",28
"HANCOCK","4th","State Senate","04","REP","Mike Williams",47
"HANCOCK","5th","State Senate","04","REP","Mike Williams",54
"CLAIBORNE","Arthur","State Senate","04","REP","Mike Williams",207
"JEFFERSON","ABSENTEE","State Senate","04","REP","Mike Williams",105
"JEFFERSON","EARLY","State Senate","04","REP","Mike Williams",860
"UNION","1-1 Union Co HS","State Senate","04","REP","Mike Williams",227
"UNION","2-2 Luttrell Elem","State Senate","04","REP","Mike Williams",119
"UNION","3-2 Cedar Grove CC","State Senate","04","REP","Mike Williams",62
"UNION","3-3 Brock CC","State Senate","04","REP","Mike Williams",88
"UNION","4-7 Big Ridge Elem","State Senate","04","REP","Mike Williams",111
"UNION","5-10 Sharps Chapel","State Senate","04","REP","Mike Williams",134
"UNION","5-13 Bradens School","State Senate","04","REP","Mike Williams",21
"HAWKINS","3 Wallace","State Senate","04","REP","Mike Williams",25
"HAWKINS","3 Watterson","State Senate","04","REP","Mike Williams",39
"HAWKINS","4 Dykes","State Senate","04","REP","Mike Williams",15
"HAWKINS","4 Keplar","State Senate","04","REP","Mike Williams",14
"HAWKINS","4 Rogersville No Out","State Senate","04","REP","Mike Williams",36
"HAWKINS","4 Surgoinsville","State Senate","04","REP","Mike Williams",51
"HAWKINS","4 Upper Beech","State Senate","04","REP","Mike Williams",9
"HAWKINS","5 Rogersville No In","State Senate","04","REP","Mike Williams",77
"HAWKINS","5 Rogersville So In","State Senate","04","REP","Mike Williams",112
"HAWKINS","5 Rogersville So Out","State Senate","04","REP","Mike Williams",65
"HAWKINS","6 Alumwell","State Senate","04","REP","Mike Williams",32
"HAWKINS","6 Choptack","State Senate","04","REP","Mike Williams",50
"HAWKINS","6 Clinch","State Senate","04","REP","Mike Williams",17
"HAWKINS","6 Mooresburg","State Senate","04","REP","Mike Williams",32
"HAWKINS","7 Bulls Gap","State Senate","04","REP","Mike Williams",41
"HAWKINS","7 Cherokee","State Senate","04","REP","Mike Williams",48
"HAWKINS","7 St. Clair","State Senate","04","REP","Mike Williams",42
"HAWKINS","ABSENTEE","State Senate","04","REP","Mike Williams",82
"HAWKINS","EARLY","State Senate","04","REP","Mike Williams",298
"JEFFERSON","01 Dandridge Elem","State Senate","04","REP","Mike Williams",204
"JEFFERSON","02 Piedmont","State Senate","04","REP","Mike Williams",160
"JEFFERSON","03 White Pine School","State Senate","04","REP","Mike Williams",257
"JEFFERSON","04 Jefferson Elem","State Senate","04","REP","Mike Williams",179
"JEFFERSON","05 Jefferson Middle","State Senate","04","REP","Mike Williams",229
"JEFFERSON","06 Rush Strong Sch","State Senate","04","REP","Mike Williams",246
"JEFFERSON","07 New Market City","State Senate","04","REP","Mike Williams",228
"JEFFERSON","08 Chestnut Hill Sch","State Senate","04","REP","Mike Williams",78
"JEFFERSON","08 Old Swannsylvania","State Senate","04","REP","Mike Williams",47
"JEFFERSON","09 Talbott School","State Senate","04","REP","Mike Williams",148
"JEFFERSON","10 Jefferson City","State Senate","04","REP","Mike Williams",132
"UNION","6-6 Paulette CC","State Senate","04","REP","Mike Williams",149
"UNION","7-1 Plainview CC","State Senate","04","REP","Mike Williams",83
"UNION","ABSENTEE","State Senate","04","REP","Mike Williams",280
"UNION","EARLY","State Senate","04","REP","Mike Williams",0
"KNOX","76 Sunnyview","State Senate","06","REP","Jamie Hagood",114
"KNOX","77 Ramsey","State Senate","06","REP","Jamie Hagood",65
"KNOX","78 Riverdale","State Senate","06","REP","Jamie Hagood",58
"KNOX","74 Shannondale","State Senate","06","REP","Jamie Hagood",143
"KNOX","80 Corryton","State Senate","06","REP","Jamie Hagood",111
"KNOX","81 Gibbs","State Senate","06","REP","Jamie Hagood",252
"KNOX","82 Ellistown","State Senate","06","REP","Jamie Hagood",50
"KNOX","79 Dora Kennedy","State Senate","06","REP","Jamie Hagood",66
"KNOX","13 Fair Garden","State Senate","06","REP","Jamie Hagood",27
"KNOX","24Q Sequoyah Hills","State Senate","06","REP","Jamie Hagood",375
"KNOX","25 South Knox CC","State Senate","06","REP","Jamie Hagood",83
"KNOX","26 Dogwood","State Senate","06","REP","Jamie Hagood",243
"KNOX","27 So Knox Optimist","State Senate","06","REP","Jamie Hagood",185
"KNOX","28 South-Doyle Mid","State Senate","06","REP","Jamie Hagood",102
"KNOX","29 Anderson","State Senate","06","REP","Jamie Hagood",104
"KNOX","31 Chilhowee","State Senate","06","REP","Jamie Hagood",113
"KNOX","32 Spring Hill","State Senate","06","REP","Jamie Hagood",107
"KNOX","33 Richard Yoakley","State Senate","06","REP","Jamie Hagood",128
"KNOX","34 Fount City Lib","State Senate","06","REP","Jamie Hagood",119
"KNOX","35 Shannondale","State Senate","06","REP","Jamie Hagood",196
"KNOX","36 Gresham","State Senate","06","REP","Jamie Hagood",215
"KNOX","37 Inskip Elem","State Senate","06","REP","Jamie Hagood",149
"KNOX","38 Inskip Elem","State Senate","06","REP","Jamie Hagood",166
"KNOX","39E Inskip Rec Ctr","State Senate","06","REP","Jamie Hagood",43
"KNOX","39W Inskip Rec Ctr","State Senate","06","REP","Jamie Hagood",54
"KNOX","49 Bearden Elem","State Senate","06","REP","Jamie Hagood",110
"KNOX","51 Deane Hill Recr","State Senate","06","REP","Jamie Hagood",276
"KNOX","57 Hills","State Senate","06","REP","Jamie Hagood",44
"KNOX","58 Pedigo","State Senate","06","REP","Jamie Hagood",89
"KNOX","60 Fort Sumpter","State Senate","06","REP","Jamie Hagood",87
"KNOX","61 Halls","State Senate","06","REP","Jamie Hagood",378
"KNOX","65 Concord","State Senate","06","REP","Jamie Hagood",350
"KNOX","69N A L Lotts","State Senate","06","REP","Jamie Hagood",318
"KNOX","69S Bluegrass","State Senate","06","REP","Jamie Hagood",356
"KNOX","71 Rocky Hill","State Senate","06","REP","Jamie Hagood",351
"KNOX","89 Mt.Olive","State Senate","06","REP","Jamie Hagood",386
"KNOX","90 Bonny Kate","State Senate","06","REP","Jamie Hagood",381
"KNOX","91 Vestal","State Senate","06","REP","Jamie Hagood",53
"KNOX","92 Gap Creek","State Senate","06","REP","Jamie Hagood",159
"KNOX","93 Hopewell","State Senate","06","REP","Jamie Hagood",243
"KNOX","ABSENTEE","State Senate","06","REP","Jamie Hagood",148
"KNOX","EARLY","State Senate","06","REP","Jamie Hagood",5098
"KNOX","84 Ritta","State Senate","06","REP","Jamie Hagood",172
"KNOX","85 Skaggston","State Senate","06","REP","Jamie Hagood",105
"KNOX","86 Carter","State Senate","06","REP","Jamie Hagood",136
"KNOX","87 Thorngrove","State Senate","06","REP","Jamie Hagood",107
"KNOX","88 Kings","State Senate","06","REP","Jamie Hagood",43
"KNOX","24Q Sequoyah Hills","State Senate","06","REP","Billy J. Stokes",223
"KNOX","25 South Knox CC","State Senate","06","REP","Billy J. Stokes",33
"KNOX","26 Dogwood","State Senate","06","REP","Billy J. Stokes",60
"KNOX","13 Fair Garden","State Senate","06","REP","Billy J. Stokes",15
"KNOX","28 South-Doyle Mid","State Senate","06","REP","Billy J. Stokes",20
"KNOX","29 Anderson","State Senate","06","REP","Billy J. Stokes",34
"KNOX","31 Chilhowee","State Senate","06","REP","Billy J. Stokes",86
"KNOX","27 So Knox Optimist","State Senate","06","REP","Billy J. Stokes",58
"KNOX","33 Richard Yoakley","State Senate","06","REP","Billy J. Stokes",50
"KNOX","34 Fount City Lib","State Senate","06","REP","Billy J. Stokes",40
"KNOX","35 Shannondale","State Senate","06","REP","Billy J. Stokes",76
"KNOX","36 Gresham","State Senate","06","REP","Billy J. Stokes",61
"KNOX","37 Inskip Elem","State Senate","06","REP","Billy J. Stokes",69
"KNOX","38 Inskip Elem","State Senate","06","REP","Billy J. Stokes",71
"KNOX","39E Inskip Rec Ctr","State Senate","06","REP","Billy J. Stokes",20
"KNOX","39W Inskip Rec Ctr","State Senate","06","REP","Billy J. Stokes",28
"KNOX","49 Bearden Elem","State Senate","06","REP","Billy J. Stokes",57
"KNOX","51 Deane Hill Recr","State Senate","06","REP","Billy J. Stokes",190
"KNOX","57 Hills","State Senate","06","REP","Billy J. Stokes",4
"KNOX","58 Pedigo","State Senate","06","REP","Billy J. Stokes",42
"KNOX","32 Spring Hill","State Senate","06","REP","Billy J. Stokes",58
"KNOX","61 Halls","State Senate","06","REP","Billy J. Stokes",143
"KNOX","65 Concord","State Senate","06","REP","Billy J. Stokes",123
"KNOX","69N A L Lotts","State Senate","06","REP","Billy J. Stokes",93
"KNOX","69S Bluegrass","State Senate","06","REP","Billy J. Stokes",108
"KNOX","71 Rocky Hill","State Senate","06","REP","Billy J. Stokes",166
"KNOX","74 Shannondale","State Senate","06","REP","Billy J. Stokes",86
"KNOX","76 Sunnyview","State Senate","06","REP","Billy J. Stokes",58
"KNOX","77 Ramsey","State Senate","06","REP","Billy J. Stokes",38
"KNOX","78 Riverdale","State Senate","06","REP","Billy J. Stokes",31
"KNOX","79 Dora Kennedy","State Senate","06","REP","Billy J. Stokes",41
"KNOX","80 Corryton","State Senate","06","REP","Billy J. Stokes",70
"KNOX","81 Gibbs","State Senate","06","REP","Billy J. Stokes",95
"KNOX","60 Fort Sumpter","State Senate","06","REP","Billy J. Stokes",35
"KNOX","84 Ritta","State Senate","06","REP","Billy J. Stokes",39
"KNOX","85 Skaggston","State Senate","06","REP","Billy J. Stokes",52
"KNOX","86 Carter","State Senate","06","REP","Billy J. Stokes",69
"KNOX","87 Thorngrove","State Senate","06","REP","Billy J. Stokes",108
"KNOX","88 Kings","State Senate","06","REP","Billy J. Stokes",8
"KNOX","89 Mt.Olive","State Senate","06","REP","Billy J. Stokes",130
"KNOX","90 Bonny Kate","State Senate","06","REP","Billy J. Stokes",59
"KNOX","91 Vestal","State Senate","06","REP","Billy J. Stokes",18
"KNOX","92 Gap Creek","State Senate","06","REP","Billy J. Stokes",19
"KNOX","93 Hopewell","State Senate","06","REP","Billy J. Stokes",52
"KNOX","ABSENTEE","State Senate","06","REP","Billy J. Stokes",54
"KNOX","EARLY","State Senate","06","REP","Billy J. Stokes",2080
"KNOX","82 Ellistown","State Senate","06","REP","Billy J. Stokes",17
"BLOUNT","Maryville College","State Senate","08","REP","Bill Clabough",109
"BLOUNT","Maryville HS","State Senate","08","REP","Bill Clabough",141
"BLOUNT","Maryville Mid School","State Senate","08","REP","Bill Clabough",226
"BLOUNT","Maryville Muni City","State Senate","08","REP","Bill Clabough",40
"BLOUNT","Maryville Muni Cnty","State Senate","08","REP","Bill Clabough",8
"BLOUNT","Mentor","State Senate","08","REP","Bill Clabough",30
"BLOUNT","Middlesettlements","State Senate","08","REP","Bill Clabough",30
"BLOUNT","Miser Station","State Senate","08","REP","Bill Clabough",45
"BLOUNT","Alcoa First Baptist","State Senate","08","REP","Bill Clabough",166
"BLOUNT","Alcoa Middle School","State Senate","08","REP","Bill Clabough",33
"BLOUNT","Beech Grove","State Senate","08","REP","Bill Clabough",73
"BLOUNT","Big Springs","State Senate","08","REP","Bill Clabough",26
"BLOUNT","Blount Cnty Bd City","State Senate","08","REP","Bill Clabough",178
"BLOUNT","Blount Cnty Bd Cnty","State Senate","08","REP","Bill Clabough",17
"BLOUNT","Carpenters","State Senate","08","REP","Bill Clabough",113
"BLOUNT","Chilhowee View","State Senate","08","REP","Bill Clabough",123
"BLOUNT","Eagleton","State Senate","08","REP","Bill Clabough",76
"BLOUNT","Eagleton Cafeteria","State Senate","08","REP","Bill Clabough",91
"BLOUNT","Everett","State Senate","08","REP","Bill Clabough",69
"BLOUNT","Fairview","State Senate","08","REP","Bill Clabough",67
"BLOUNT","Friendsville","State Senate","08","REP","Bill Clabough",39
"BLOUNT","Friendsville City","State Senate","08","REP","Bill Clabough",23
"BLOUNT","Happy Valley","State Senate","08","REP","Bill Clabough",6
"BLOUNT","Heritage","State Senate","08","REP","Bill Clabough",83
"BLOUNT","John Sevier","State Senate","08","REP","Bill Clabough",141
"BLOUNT","Lanier","State Senate","08","REP","Bill Clabough",93
"BLOUNT","Louisville","State Senate","08","REP","Bill Clabough",54
"SEVIER","09-1 Seymour Primary","State Senate","08","REP","Bill Clabough",107
"SEVIER","10-1 Boyds Creek","State Senate","08","REP","Bill Clabough",73
"SEVIER","10-2 DuPont CC","State Senate","08","REP","Bill Clabough",60
"SEVIER","10-3 Adult High","State Senate","08","REP","Bill Clabough",18
"SEVIER","11-1 Gatlinburg Amer","State Senate","08","REP","Bill Clabough",119
"SEVIER","11-2 Pittman Center","State Senate","08","REP","Bill Clabough",39
"SEVIER","ABSENTEE","State Senate","08","REP","Bill Clabough",62
"SEVIER","EARLY","State Senate","08","REP","Bill Clabough",579
"BLOUNT","Montvale","State Senate","08","REP","Bill Clabough",163
"BLOUNT","Oak View","State Senate","08","REP","Bill Clabough",123
"BLOUNT","Pellissippi","State Senate","08","REP","Bill Clabough",56
"BLOUNT","Porter","State Senate","08","REP","Bill Clabough",200
"BLOUNT","Rockford","State Senate","08","REP","Bill Clabough",57
"BLOUNT","Rockford City","State Senate","08","REP","Bill Clabough",34
"BLOUNT","Shooks Gap","State Senate","08","REP","Bill Clabough",91
"BLOUNT","Townsend","State Senate","08","REP","Bill Clabough",77
"BLOUNT","Townsend City","State Senate","08","REP","Bill Clabough",32
"BLOUNT","Walland","State Senate","08","REP","Bill Clabough",62
"BLOUNT","William Blount City","State Senate","08","REP","Bill Clabough",16
"BLOUNT","William Blount Cnty","State Senate","08","REP","Bill Clabough",90
"BLOUNT","William Blount Mid","State Senate","08","REP","Bill Clabough",193
"BLOUNT","z-ABSENTEE","State Senate","08","REP","Bill Clabough",0
"BLOUNT","z-EARLY","State Senate","08","REP","Bill Clabough",776
"SEVIER","01-1 Caton's Chapel","State Senate","08","REP","Bill Clabough",48
"SEVIER","01-2 Jones Cove","State Senate","08","REP","Bill Clabough",35
"SEVIER","02-1 Waldens Creek","State Senate","08","REP","Bill Clabough",94
"SEVIER","02-2 Wearwood School","State Senate","08","REP","Bill Clabough",143
"SEVIER","03-1 New Center","State Senate","08","REP","Bill Clabough",63
"SEVIER","03-2 Vocational Ctr","State Senate","08","REP","Bill Clabough",34
"SEVIER","04-1 Pigeon Forge Ci","State Senate","08","REP","Bill Clabough",118
"SEVIER","05-1 Sevierville Mid","State Senate","08","REP","Bill Clabough",117
"BLOUNT","Fairview City","State Senate","08","REP","Bill Clabough",66
"SEVIER","07-2 Catlettsburg","State Senate","08","REP","Bill Clabough",44
"SEVIER","05-2 Fairgrounds","State Senate","08","REP","Bill Clabough",57
"SEVIER","06-1 Seymour Intmdte","State Senate","08","REP","Bill Clabough",165
"SEVIER","07-1 Voting Machine","State Senate","08","REP","Bill Clabough",30
"SEVIER","08-1 Kodak","State Senate","08","REP","Bill Clabough",90
"SEVIER","08-2 Underwood","State Senate","08","REP","Bill Clabough",36
"BLOUNT","z-EARLY","State Senate","08","REP","Raymond Finney",843
"SEVIER","01-1 Caton's Chapel","State Senate","08","REP","Raymond Finney",64
"SEVIER","01-2 Jones Cove","State Senate","08","REP","Raymond Finney",46
"SEVIER","02-1 Waldens Creek","State Senate","08","REP","Raymond Finney",109
"SEVIER","02-2 Wearwood School","State Senate","08","REP","Raymond Finney",95
"SEVIER","03-1 New Center","State Senate","08","REP","Raymond Finney",88
"SEVIER","03-2 Vocational Ctr","State Senate","08","REP","Raymond Finney",38
"SEVIER","04-1 Pigeon Forge Ci","State Senate","08","REP","Raymond Finney",174
"SEVIER","05-1 Sevierville Mid","State Senate","08","REP","Raymond Finney",76
"SEVIER","05-2 Fairgrounds","State Senate","08","REP","Raymond Finney",61
"SEVIER","06-1 Seymour Intmdte","State Senate","08","REP","Raymond Finney",205
"BLOUNT","z-ABSENTEE","State Senate","08","REP","Raymond Finney",0
"SEVIER","07-2 Catlettsburg","State Senate","08","REP","Raymond Finney",43
"SEVIER","08-1 Kodak","State Senate","08","REP","Raymond Finney",76
"SEVIER","08-2 Underwood","State Senate","08","REP","Raymond Finney",35
"SEVIER","09-1 Seymour Primary","State Senate","08","REP","Raymond Finney",153
"SEVIER","10-1 Boyds Creek","State Senate","08","REP","Raymond Finney",56
"SEVIER","10-2 DuPont CC","State Senate","08","REP","Raymond Finney",36
"SEVIER","10-3 Adult High","State Senate","08","REP","Raymond Finney",17
"SEVIER","11-1 Gatlinburg Amer","State Senate","08","REP","Raymond Finney",140
"SEVIER","11-2 Pittman Center","State Senate","08","REP","Raymond Finney",34
"SEVIER","ABSENTEE","State Senate","08","REP","Raymond Finney",20
"SEVIER","EARLY","State Senate","08","REP","Raymond Finney",270
"SEVIER","07-1 Voting Machine","State Senate","08","REP","Raymond Finney",44
"BLOUNT","Montvale","State Senate","08","REP","Raymond Finney",199
"BLOUNT","Oak View","State Senate","08","REP","Raymond Finney",155
"BLOUNT","Pellissippi","State Senate","08","REP","Raymond Finney",108
"BLOUNT","Porter","State Senate","08","REP","Raymond Finney",156
"BLOUNT","Rockford","State Senate","08","REP","Raymond Finney",80
"BLOUNT","Rockford City","State Senate","08","REP","Raymond Finney",36
"BLOUNT","Shooks Gap","State Senate","08","REP","Raymond Finney",93
"BLOUNT","Townsend","State Senate","08","REP","Raymond Finney",114
"BLOUNT","Townsend City","State Senate","08","REP","Raymond Finney",27
"BLOUNT","Walland","State Senate","08","REP","Raymond Finney",77
"BLOUNT","William Blount City","State Senate","08","REP","Raymond Finney",40
"BLOUNT","William Blount Cnty","State Senate","08","REP","Raymond Finney",127
"BLOUNT","William Blount Mid","State Senate","08","REP","Raymond Finney",287
"BLOUNT","Alcoa First Baptist","State Senate","08","REP","Raymond Finney",220
"BLOUNT","Alcoa Middle School","State Senate","08","REP","Raymond Finney",32
"BLOUNT","Beech Grove","State Senate","08","REP","Raymond Finney",101
"BLOUNT","Big Springs","State Senate","08","REP","Raymond Finney",62
"BLOUNT","Blount Cnty Bd City","State Senate","08","REP","Raymond Finney",173
"BLOUNT","Blount Cnty Bd Cnty","State Senate","08","REP","Raymond Finney",24
"BLOUNT","Carpenters","State Senate","08","REP","Raymond Finney",138
"BLOUNT","Chilhowee View","State Senate","08","REP","Raymond Finney",162
"BLOUNT","Eagleton","State Senate","08","REP","Raymond Finney",168
"BLOUNT","Eagleton Cafeteria","State Senate","08","REP","Raymond Finney",117
"BLOUNT","Everett","State Senate","08","REP","Raymond Finney",79
"BLOUNT","Fairview","State Senate","08","REP","Raymond Finney",86
"BLOUNT","Fairview City","State Senate","08","REP","Raymond Finney",90
"BLOUNT","Friendsville","State Senate","08","REP","Raymond Finney",43
"BLOUNT","Friendsville City","State Senate","08","REP","Raymond Finney",25
"BLOUNT","Happy Valley","State Senate","08","REP","Raymond Finney",2
"BLOUNT","Heritage","State Senate","08","REP","Raymond Finney",137
"BLOUNT","John Sevier","State Senate","08","REP","Raymond Finney",155
"BLOUNT","Lanier","State Senate","08","REP","Raymond Finney",101
"BLOUNT","Louisville","State Senate","08","REP","Raymond Finney",82
"BLOUNT","Maryville College","State Senate","08","REP","Raymond Finney",77
"BLOUNT","Maryville HS","State Senate","08","REP","Raymond Finney",116
"BLOUNT","Maryville Mid School","State Senate","08","REP","Raymond Finney",198
"BLOUNT","Maryville Muni City","State Senate","08","REP","Raymond Finney",54
"BLOUNT","Maryville Muni Cnty","State Senate","08","REP","Raymond Finney",16
"BLOUNT","Mentor","State Senate","08","REP","Raymond Finney",45
"BLOUNT","Middlesettlements","State Senate","08","REP","Raymond Finney",39
"BLOUNT","Miser Station","State Senate","08","REP","Raymond Finney",72
"HAMILTON","203 Satellite 3 CD","State Senate","10","REP","Basil J. Marceaux",3
"MARION","01 South Pittsburg","State Senate","10","REP","Basil J. Marceaux",44
"MARION","02 Richard City","State Senate","10","REP","Basil J. Marceaux",16
"MARION","03 New Hope","State Senate","10","REP","Basil J. Marceaux",27
"MARION","04 Orme","State Senate","10","REP","Basil J. Marceaux",0
"MARION","05 Lodge","State Senate","10","REP","Basil J. Marceaux",12
"MARION","06 Battle Creek","State Senate","10","REP","Basil J. Marceaux",12
"MARION","07 Jumpoff","State Senate","10","REP","Basil J. Marceaux",3
"MARION","08 Monteagle","State Senate","10","REP","Basil J. Marceaux",22
"HAMILTON","001 Airport 1","State Senate","10","REP","Basil J. Marceaux",12
"HAMILTON","002 Alton Park","State Senate","10","REP","Basil J. Marceaux",0
"HAMILTON","003 Amnicola","State Senate","10","REP","Basil J. Marceaux",2
"HAMILTON","004 Avondale","State Senate","10","REP","Basil J. Marceaux",2
"HAMILTON","005 Bonny Oaks","State Senate","10","REP","Basil J. Marceaux",24
"HAMILTON","006 Brainerd","State Senate","10","REP","Basil J. Marceaux",51
"HAMILTON","007 Brainerd Hills","State Senate","10","REP","Basil J. Marceaux",42
"HAMILTON","008 Bushtown","State Senate","10","REP","Basil J. Marceaux",2
"HAMILTON","009 Cedar Hill","State Senate","10","REP","Basil J. Marceaux",8
"HAMILTON","011 Clifton Hills 1","State Senate","10","REP","Basil J. Marceaux",2
"HAMILTON","013 Courthouse","State Senate","10","REP","Basil J. Marceaux",15
"HAMILTON","014 Dalewood","State Senate","10","REP","Basil J. Marceaux",15
"HAMILTON","018 East Chatt 1","State Senate","10","REP","Basil J. Marceaux",7
"HAMILTON","019 East Lake","State Senate","10","REP","Basil J. Marceaux",36
"HAMILTON","020 East Side 1","State Senate","10","REP","Basil J. Marceaux",38
"HAMILTON","021 Eastdale 1","State Senate","10","REP","Basil J. Marceaux",10
"HAMILTON","023 Glenwood","State Senate","10","REP","Basil J. Marceaux",5
"HAMILTON","024 Highland Park","State Senate","10","REP","Basil J. Marceaux",21
"HAMILTON","025 Hixson 1","State Senate","10","REP","Basil J. Marceaux",83
"HAMILTON","026 Howard","State Senate","10","REP","Basil J. Marceaux",0
"HAMILTON","027 Kingspoint","State Senate","10","REP","Basil J. Marceaux",14
"HAMILTON","028 Lake Hills","State Senate","10","REP","Basil J. Marceaux",43
"HAMILTON","029 Lupton City","State Senate","10","REP","Basil J. Marceaux",29
"HAMILTON","031 Miss Ridge","State Senate","10","REP","Basil J. Marceaux",75
"HAMILTON","032 Moccasin Bend","State Senate","10","REP","Basil J. Marceaux",33
"HAMILTON","034 Murray Hills","State Senate","10","REP","Basil J. Marceaux",91
"HAMILTON","204 Satellite 4 NG","State Senate","10","REP","Basil J. Marceaux",286
"HAMILTON","210 Postal","State Senate","10","REP","Basil J. Marceaux",0
"HAMILTON","212 Provisional","State Senate","10","REP","Basil J. Marceaux",0
"HAMILTON","ABSENTEE","State Senate","10","REP","Basil J. Marceaux",76
"HAMILTON","EARLY","State Senate","10","REP","Basil J. Marceaux",27
"HAMILTON","043 St Elmo 1","State Senate","10","REP","Basil J. Marceaux",44
"HAMILTON","044 Stuart Heights 1","State Senate","10","REP","Basil J. Marceaux",83
"HAMILTON","045 Sunnyside","State Senate","10","REP","Basil J. Marceaux",43
"HAMILTON","048 Lookout Valley 1","State Senate","10","REP","Basil J. Marceaux",146
"HAMILTON","049 Woodmore","State Senate","10","REP","Basil J. Marceaux",25
"HAMILTON","061 Ridgeside","State Senate","10","REP","Basil J. Marceaux",25
"HAMILTON","068 Falling Water 1","State Senate","10","REP","Basil J. Marceaux",37
"HAMILTON","072 Lookout Mtn 1","State Senate","10","REP","Basil J. Marceaux",106
"HAMILTON","076 Red Bank 1","State Senate","10","REP","Basil J. Marceaux",43
"HAMILTON","083 Soddy Daisy 1","State Senate","10","REP","Basil J. Marceaux",157
"HAMILTON","084 Soddy Daisy 2","State Senate","10","REP","Basil J. Marceaux",122
"HAMILTON","092 Lookout Valley 2","State Senate","10","REP","Basil J. Marceaux",43
"HAMILTON","094 Eastgate I","State Senate","10","REP","Basil J. Marceaux",19
"HAMILTON","095 Eastgate II","State Senate","10","REP","Basil J. Marceaux",29
"HAMILTON","097 Tyner 2","State Senate","10","REP","Basil J. Marceaux",66
"HAMILTON","106 Mountain Creek 2","State Senate","10","REP","Basil J. Marceaux",57
"HAMILTON","109 Falling Water 2","State Senate","10","REP","Basil J. Marceaux",11
"HAMILTON","111 Lookout Valley 3","State Senate","10","REP","Basil J. Marceaux",10
"HAMILTON","114 Stuart Heights 2","State Senate","10","REP","Basil J. Marceaux",25
"HAMILTON","117 Mountain Creek 4","State Senate","10","REP","Basil J. Marceaux",0
"HAMILTON","119 Northwoods 3","State Senate","10","REP","Basil J. Marceaux",3
"HAMILTON","121 Lookout Mtn 2","State Senate","10","REP","Basil J. Marceaux",50
"HAMILTON","127 Red Bank 6","State Senate","10","REP","Basil J. Marceaux",0
"HAMILTON","131 Eastdale 2","State Senate","10","REP","Basil J. Marceaux",0
"HAMILTON","132 East Side II","State Senate","10","REP","Basil J. Marceaux",0
"HAMILTON","133 Clifton Hills 2","State Senate","10","REP","Basil J. Marceaux",0
"HAMILTON","137 St Elmo 2","State Senate","10","REP","Basil J. Marceaux",5
"HAMILTON","138 St Elmo 3","State Senate","10","REP","Basil J. Marceaux",0
"HAMILTON","139 North Chatt 2","State Senate","10","REP","Basil J. Marceaux",13
"HAMILTON","160 St Elmo 4","State Senate","10","REP","Basil J. Marceaux",0
"HAMILTON","161 Lookout Valley 4","State Senate","10","REP","Basil J. Marceaux",1
"HAMILTON","163 Elder Mountain","State Senate","10","REP","Basil J. Marceaux",0
"HAMILTON","165 Soddy Daisy 5","State Senate","10","REP","Basil J. Marceaux",0
"HAMILTON","201 Satellite 1 EC","State Senate","10","REP","Basil J. Marceaux",202
"HAMILTON","035 North Chatt 1","State Senate","10","REP","Basil J. Marceaux",43
"HAMILTON","036 Northgate","State Senate","10","REP","Basil J. Marceaux",114
"HAMILTON","038 Northwoods 2","State Senate","10","REP","Basil J. Marceaux",75
"HAMILTON","040 Piney Woods","State Senate","10","REP","Basil J. Marceaux",0
"HAMILTON","041 Ridgedale","State Senate","10","REP","Basil J. Marceaux",26
"HAMILTON","042 Riverview","State Senate","10","REP","Basil J. Marceaux",65
"MARION","12 Whiteside","State Senate","10","REP","Basil J. Marceaux",4
"MARION","13 Richies Store","State Senate","10","REP","Basil J. Marceaux",5
"MARION","14 Jasper","State Senate","10","REP","Basil J. Marceaux",87
"MARION","15 Cedar Grove","State Senate","10","REP","Basil J. Marceaux",18
"MARION","16 Foster Falls","State Senate","10","REP","Basil J. Marceaux",24
"MARION","17 Griffith Creek","State Senate","10","REP","Basil J. Marceaux",7
"MARION","18 Tates Chapel","State Senate","10","REP","Basil J. Marceaux",10
"MARION","19 Mt. Olive","State Senate","10","REP","Basil J. Marceaux",7
"MARION","20 Sequatchie","State Senate","10","REP","Basil J. Marceaux",24
"MARION","21 Victoria","State Senate","10","REP","Basil J. Marceaux",39
"MARION","09 Kimball","State Senate","10","REP","Basil J. Marceaux",34
"MARION","10 Shellmound","State Senate","10","REP","Basil J. Marceaux",23
"MARION","11 Haletown-Ladd","State Senate","10","REP","Basil J. Marceaux",6
"MARION","25 Lusk Store","State Senate","10","REP","Basil J. Marceaux",6
"MARION","26 Morganville","State Senate","10","REP","Basil J. Marceaux",6
"MARION","27 Whitwell","State Senate","10","REP","Basil J. Marceaux",20
"MARION","28 Powells Crossroad","State Senate","10","REP","Basil J. Marceaux",27
"MARION","29 Ketners Mill","State Senate","10","REP","Basil J. Marceaux",8
"MARION","z-ABSENTEE","State Senate","10","REP","Basil J. Marceaux",0
"MARION","z-EARLY","State Senate","10","REP","Basil J. Marceaux",0
"HAMILTON","202 Satellite 2 SNC","State Senate","10","REP","Basil J. Marceaux",9
"MARION","22 Mineral Springs","State Senate","10","REP","Basil J. Marceaux",13
"MARION","23 Walden's Ridge","State Senate","10","REP","Basil J. Marceaux",4
"MARION","24 Elder Mountain","State Senate","10","REP","Basil J. Marceaux",25
"ROANE","24 Rockwood Ward 2","State Senate","12","REP","Jerry Sharp",29
"ROANE","15 Midway","State Senate","12","REP","Jerry Sharp",27
"ROANE","16 Oak Hills","State Senate","12","REP","Jerry Sharp",164
"ROANE","17 Oliver Springs","State Senate","12","REP","Jerry Sharp",33
"ROANE","18 Orchard View","State Senate","12","REP","Jerry Sharp",98
"ROANE","19 Pond Grove","State Senate","12","REP","Jerry Sharp",28
"ROANE","20 Paw Paw","State Senate","12","REP","Jerry Sharp",46
"ROANE","21 Paint Rock","State Senate","12","REP","Jerry Sharp",37
"ROANE","22 Renfro","State Senate","12","REP","Jerry Sharp",43
"ROANE","23 Rockwood Ward 1","State Senate","12","REP","Jerry Sharp",31
"ROANE","10 Johnson Sch House","State Senate","12","REP","Jerry Sharp",29
"ROANE","11 Kingston Ward 1","State Senate","12","REP","Jerry Sharp",138
"ROANE","12 Kingston Ward 2","State Senate","12","REP","Jerry Sharp",92
"ROANE","13 Lawnville","State Senate","12","REP","Jerry Sharp",71
"ROANE","14 Midtown","State Senate","12","REP","Jerry Sharp",21
"CAMPBELL","East LaFollette","State Senate","12","REP","Jerry Sharp",81
"CAMPBELL","Elk Valley","State Senate","12","REP","Jerry Sharp",101
"CAMPBELL","Firehall","State Senate","12","REP","Jerry Sharp",59
"CAMPBELL","Habersham","State Senate","12","REP","Jerry Sharp",44
"CAMPBELL","Jacksboro","State Senate","12","REP","Jerry Sharp",123
"CAMPBELL","Jacksboro Station","State Senate","12","REP","Jerry Sharp",103
"CAMPBELL","Jellico","State Senate","12","REP","Jerry Sharp",165
"CAMPBELL","Jr. High","State Senate","12","REP","Jerry Sharp",58
"CAMPBELL","Newcomb","State Senate","12","REP","Jerry Sharp",68
"CAMPBELL","Pinecrest","State Senate","12","REP","Jerry Sharp",27
"CAMPBELL","Ridgewood","State Senate","12","REP","Jerry Sharp",72
"CAMPBELL","Valley View","State Senate","12","REP","Jerry Sharp",209
"CAMPBELL","Well Springs","State Senate","12","REP","Jerry Sharp",43
"CAMPBELL","West LaFollette","State Senate","12","REP","Jerry Sharp",67
"CAMPBELL","White Oak","State Senate","12","REP","Jerry Sharp",16
"CAMPBELL","z-ABSENTEE","State Senate","12","REP","Jerry Sharp",49
"CAMPBELL","z-EARLY","State Senate","12","REP","Jerry Sharp",793
"FENTRESS","Allardt","State Senate","12","REP","Jerry Sharp",40
"FENTRESS","Armathwaite","State Senate","12","REP","Jerry Sharp",12
"FENTRESS","Banner Springs","State Senate","12","REP","Jerry Sharp",34
"FENTRESS","Clarkrange","State Senate","12","REP","Jerry Sharp",72
"FENTRESS","Community Center","State Senate","12","REP","Jerry Sharp",32
"FENTRESS","Courthouse","State Senate","12","REP","Jerry Sharp",17
"FENTRESS","Crossroads","State Senate","12","REP","Jerry Sharp",65
"FENTRESS","Grimsley","State Senate","12","REP","Jerry Sharp",26
"FENTRESS","Pall Mall","State Senate","12","REP","Jerry Sharp",19
"FENTRESS","Pine Haven","State Senate","12","REP","Jerry Sharp",25
"FENTRESS","Shirley","State Senate","12","REP","Jerry Sharp",12
"FENTRESS","West Fentress","State Senate","12","REP","Jerry Sharp",15
"FENTRESS","York Elementary","State Senate","12","REP","Jerry Sharp",22
"FENTRESS","z-ABSENTEE","State Senate","12","REP","Jerry Sharp",0
"FENTRESS","z-EARLY","State Senate","12","REP","Jerry Sharp",223
"MORGAN","1-1 Coalfield","State Senate","12","REP","Jerry Sharp",81
"MORGAN","2-1 Oakdale","State Senate","12","REP","Jerry Sharp",23
"MORGAN","2-2 Oakdale High","State Senate","12","REP","Jerry Sharp",81
"MORGAN","3-1 Wartburg","State Senate","12","REP","Jerry Sharp",83
"MORGAN","4-1 Chestnut Ridge","State Senate","12","REP","Jerry Sharp",11
"MORGAN","4-2 Lancing","State Senate","12","REP","Jerry Sharp",47
"MORGAN","4-4 Deer Lodge","State Senate","12","REP","Jerry Sharp",30
"MORGAN","5-1 Burrville","State Senate","12","REP","Jerry Sharp",20
"MORGAN","5-2 Sunbright","State Senate","12","REP","Jerry Sharp",85
"MORGAN","6-1 Mossy Grove","State Senate","12","REP","Jerry Sharp",84
"MORGAN","6-2 Petros","State Senate","12","REP","Jerry Sharp",23
"MORGAN","6-3 Kellys","State Senate","12","REP","Jerry Sharp",28
"MORGAN","ABSENTEE","State Senate","12","REP","Jerry Sharp",17
"MORGAN","EARLY","State Senate","12","REP","Jerry Sharp",174
"RHEA","1-1 St. Clair","State Senate","12","REP","Jerry Sharp",62
"RHEA","1-2 Mars Hill","State Senate","12","REP","Jerry Sharp",17
"RHEA","1-3 Grandview","State Senate","12","REP","Jerry Sharp",25
"RHEA","2-1 S.C.W.","State Senate","12","REP","Jerry Sharp",43
"RHEA","2-2 S.C.E.","State Senate","12","REP","Jerry Sharp",66
"RHEA","3-1 Wolf Creek","State Senate","12","REP","Jerry Sharp",108
"RHEA","4-1 Evensville","State Senate","12","REP","Jerry Sharp",47
"RHEA","4-2 Richland Park","State Senate","12","REP","Jerry Sharp",34
"RHEA","5-1 North Dayton W","State Senate","12","REP","Jerry Sharp",35
"RHEA","6-1 South Dayton W","State Senate","12","REP","Jerry Sharp",51
"RHEA","7-1 Frazier","State Senate","12","REP","Jerry Sharp",116
"RHEA","8-1 North Dayton E","State Senate","12","REP","Jerry Sharp",62
"RHEA","8-2 Spivey","State Senate","12","REP","Jerry Sharp",46
"RHEA","9-1 Graysville","State Senate","12","REP","Jerry Sharp",25
"RHEA","9-2 Waldens Ridge","State Senate","12","REP","Jerry Sharp",68
"RHEA","ABSENTEE","State Senate","12","REP","Jerry Sharp",410
"RHEA","EARLY","State Senate","12","REP","Jerry Sharp",0
"ROANE","01 Cave Creek","State Senate","12","REP","Jerry Sharp",45
"ROANE","02 Cherokee","State Senate","12","REP","Jerry Sharp",15
"ROANE","03 Dyllis","State Senate","12","REP","Jerry Sharp",35
"ROANE","04 Emory","State Senate","12","REP","Jerry Sharp",27
"ROANE","05 Emory Heights","State Senate","12","REP","Jerry Sharp",31
"ROANE","06 Eureka","State Senate","12","REP","Jerry Sharp",44
"ROANE","07 Fairview","State Senate","12","REP","Jerry Sharp",71
"ROANE","08 Glen Alice","State Senate","12","REP","Jerry Sharp",26
"ROANE","09 Harriman Ward 1","State Senate","12","REP","Jerry Sharp",48
"CAMPBELL","Clinchmore","State Senate","12","REP","Jerry Sharp",1
"CAMPBELL","College Hill","State Senate","12","REP","Jerry Sharp",31
"CAMPBELL","Coolidge","State Senate","12","REP","Jerry Sharp",57
"CAMPBELL","Davis Chapel","State Senate","12","REP","Jerry Sharp",130
"CAMPBELL","Demory","State Senate","12","REP","Jerry Sharp",85
"ROANE","z-EARLY","State Senate","12","REP","Jerry Sharp",430
"SCOTT","1-1 Fairview","State Senate","12","REP","Jerry Sharp",41
"SCOTT","2-1 Elgin","State Senate","12","REP","Jerry Sharp",26
"SCOTT","2-2 Robbins","State Senate","12","REP","Jerry Sharp",50
"SCOTT","3-1 Huntsville","State Senate","12","REP","Jerry Sharp",52
"SCOTT","3-2 Paint Rock","State Senate","12","REP","Jerry Sharp",10
"SCOTT","4-1 Helenwood","State Senate","12","REP","Jerry Sharp",69
"SCOTT","5-1 Pine Hill","State Senate","12","REP","Jerry Sharp",28
"SCOTT","5-2 Winfield","State Senate","12","REP","Jerry Sharp",51
"ROANE","25 South Harriman","State Senate","12","REP","Jerry Sharp",82
"ROANE","26 Walnut Hill","State Senate","12","REP","Jerry Sharp",35
"ROANE","z-ABSENTEE","State Senate","12","REP","Jerry Sharp",73
"SCOTT","EARLY","State Senate","12","REP","Jerry Sharp",248
"SCOTT","6-1 Oneida","State Senate","12","REP","Jerry Sharp",55
"SCOTT","7-1 West Oneida","State Senate","12","REP","Jerry Sharp",125
"CAMPBELL","Caryville","State Senate","12","REP","Jerry Sharp",110
"SCOTT","ABSENTEE","State Senate","12","REP","Jerry Sharp",20
"BEDFORD","14 East Side School","State Senate","16","REP","Jim Tracy",11
"BEDFORD","11 Flat Creek Fire","State Senate","16","REP","Jim Tracy",36
"BEDFORD","12 Raus CC","State Senate","16","REP","Jim Tracy",7
"BEDFORD","18 Southside School","State Senate","16","REP","Jim Tracy",16
"BEDFORD","15 Deery Eakin Sch","State Senate","16","REP","Jim Tracy",15
"BEDFORD","16 Thomas School","State Senate","16","REP","Jim Tracy",12
"BEDFORD","13 Normandy Fire","State Senate","16","REP","Jim Tracy",4
"BEDFORD","09 Bedford Fire Hall","State Senate","16","REP","Jim Tracy",7
"BEDFORD","10 Wheel Fire Hall","State Senate","16","REP","Jim Tracy",7
"RUTHERFORD","19-2 Seigel Mid Sch","State Senate","16","REP","Jim Tracy",99
"RUTHERFORD","21-1 Hobgood School","State Senate","16","REP","Jim Tracy",111
"RUTHERFORD","ABSENTEE","State Senate","16","REP","Jim Tracy",93
"RUTHERFORD","EARLY","State Senate","16","REP","Jim Tracy",708
"BEDFORD","01 Wartrace Gym","State Senate","16","REP","Jim Tracy",33
"BEDFORD","17 Courthouse","State Senate","16","REP","Jim Tracy",15
"RUTHERFORD","06-2 Christiana Sch","State Senate","16","REP","Jim Tracy",177
"RUTHERFORD","06-3 Kittrell Sch VI","State Senate","16","REP","Jim Tracy",30
"RUTHERFORD","07-3 Mid TN Electric","State Senate","16","REP","Jim Tracy",61
"RUTHERFORD","10-3 Rock Spgs III","State Senate","16","REP","Jim Tracy",12
"RUTHERFORD","11-1 Smyrna Fire","State Senate","16","REP","Jim Tracy",67
"RUTHERFORD","12-1 Nissan Fire","State Senate","16","REP","Jim Tracy",67
"RUTHERFORD","13-1 Bellwood School","State Senate","16","REP","Jim Tracy",37
"RUTHERFORD","14-1 Northfield Elem","State Senate","16","REP","Jim Tracy",70
"RUTHERFORD","14-2 Siegal Elem","State Senate","16","REP","Jim Tracy",126
"RUTHERFORD","15-1 MBoro Sports","State Senate","16","REP","Jim Tracy",198
"RUTHERFORD","16-1 Central Mid Sch","State Senate","16","REP","Jim Tracy",30
"RUTHERFORD","16-2 Mitchell N Elem","State Senate","16","REP","Jim Tracy",29
"RUTHERFORD","17-1 Reeves Rogers","State Senate","16","REP","Jim Tracy",102
"RUTHERFORD","18-1 Patterson Park","State Senate","16","REP","Jim Tracy",34
"RUTHERFORD","18-2 Wilderness II","State Senate","16","REP","Jim Tracy",67
"BEDFORD","ABSENTEE","State Senate","16","REP","Jim Tracy",22
"BEDFORD","EARLY","State Senate","16","REP","Jim Tracy",91
"MOORE","1 Courthouse","State Senate","16","REP","Jim Tracy",37
"MOORE","2 Moore County High","State Senate","16","REP","Jim Tracy",36
"MOORE","3 Moore County Bldg","State Senate","16","REP","Jim Tracy",50
"MOORE","4 Elementary School","State Senate","16","REP","Jim Tracy",64
"MOORE","5 Motlow College","State Senate","16","REP","Jim Tracy",55
"MOORE","ABSENTEE","State Senate","16","REP","Jim Tracy",13
"MOORE","EARLY","State Senate","16","REP","Jim Tracy",99
"RUTHERFORD","01-1 LaVergne City","State Senate","16","REP","Jim Tracy",19
"RUTHERFORD","01-2 Roy Waldron Sch","State Senate","16","REP","Jim Tracy",39
"RUTHERFORD","02-1 Lascassas Sch","State Senate","16","REP","Jim Tracy",45
"RUTHERFORD","02-2 Walter Hill Sch","State Senate","16","REP","Jim Tracy",92
"RUTHERFORD","02-3 Milton FireHall","State Senate","16","REP","Jim Tracy",26
"RUTHERFORD","03-1 Leanna CC","State Senate","16","REP","Jim Tracy",57
"RUTHERFORD","03-2 Nissan Activity","State Senate","16","REP","Jim Tracy",33
"RUTHERFORD","03-3 Wilson Elem Sch","State Senate","16","REP","Jim Tracy",29
"RUTHERFORD","04-1 Advent Lutheran","State Senate","16","REP","Jim Tracy",85
"RUTHERFORD","04-2 Bud's Tire Shop","State Senate","16","REP","Jim Tracy",30
"RUTHERFORD","04-3 Kittrell Sch IV","State Senate","16","REP","Jim Tracy",24
"RUTHERFORD","04-4 Oakland HS","State Senate","16","REP","Jim Tracy",55
"RUTHERFORD","05-1 LaVergne Civic","State Senate","16","REP","Jim Tracy",80
"RUTHERFORD","06-1 Buchanan School","State Senate","16","REP","Jim Tracy",91
"BEDFORD","02 Bell Buckle Fire","State Senate","16","REP","Jim Tracy",54
"BEDFORD","03 Longview CC","State Senate","16","REP","Jim Tracy",7
"BEDFORD","04 Airport","State Senate","16","REP","Jim Tracy",19
"BEDFORD","05 Rover Baptist","State Senate","16","REP","Jim Tracy",4
"BEDFORD","06 Unionville Fire","State Senate","16","REP","Jim Tracy",6
"BEDFORD","07 Halls Mill CC","State Senate","16","REP","Jim Tracy",1
"BEDFORD","08 Liberty School","State Senate","16","REP","Jim Tracy",10
"RUTHERFORD","19-1 Mitchell N Prim","State Senate","16","REP","Jim Tracy",124
"SUMNER","04C Cottontown","State Senate","18","REP","Diane Black",54
"SUMNER","04D Union Elementary","State Senate","18","REP","Diane Black",6
"SUMNER","05A Gallatin City","State Senate","18","REP","Diane Black",156
"SUMNER","04B Salem","State Senate","18","REP","Diane Black",45
"SUMNER","06A Vol State","State Senate","18","REP","Diane Black",279
"SUMNER","06B Gallatin High","State Senate","18","REP","Diane Black",116
"SUMNER","06C Bluegrass","State Senate","18","REP","Diane Black",282
"SUMNER","05B South Water","State Senate","18","REP","Diane Black",147
"ROBERTSON","01-1 E Robertson HS","State Senate","18","REP","Diane Black",13
"ROBERTSON","01-2 Orlinda CC","State Senate","18","REP","Diane Black",16
"ROBERTSON","02-1 Church at Grace","State Senate","18","REP","Diane Black",50
"ROBERTSON","03-1 S Haven Christ","State Senate","18","REP","Diane Black",36
"ROBERTSON","03-2 Bethlehem Bapt","State Senate","18","REP","Diane Black",13
"ROBERTSON","04-1 Ridgetop Advent","State Senate","18","REP","Diane Black",47
"ROBERTSON","05-1 Green Ridge","State Senate","18","REP","Diane Black",121
"ROBERTSON","06-1 Coopertown Sch","State Senate","18","REP","Diane Black",27
"ROBERTSON","06-2 Mt. Sharon C.P.","State Senate","18","REP","Diane Black",10
"ROBERTSON","07-1 Adams Methodist","State Senate","18","REP","Diane Black",5
"ROBERTSON","07-2 Cedar Hill CC","State Senate","18","REP","Diane Black",9
"ROBERTSON","07-3 Stroudsville Ch","State Senate","18","REP","Diane Black",12
"ROBERTSON","08-1 Krisle School","State Senate","18","REP","Diane Black",7
"ROBERTSON","08-2 HATS","State Senate","18","REP","Diane Black",9
"ROBERTSON","08-3 Owens Chapel","State Senate","18","REP","Diane Black",12
"ROBERTSON","09-1 Robertson Fair","State Senate","18","REP","Diane Black",23
"ROBERTSON","10-1 OLOL Catholic","State Senate","18","REP","Diane Black",27
"ROBERTSON","11-1 Westside Sch","State Senate","18","REP","Diane Black",21
"ROBERTSON","12-1 Bransford Sch","State Senate","18","REP","Diane Black",6
"ROBERTSON","ABSENTEE","State Senate","18","REP","Diane Black",28
"ROBERTSON","EARLY","State Senate","18","REP","Diane Black",157
"SUMNER","01A Westmoreland","State Senate","18","REP","Diane Black",56
"SUMNER","01B North Sumner","State Senate","18","REP","Diane Black",36
"SUMNER","02A Portland","State Senate","18","REP","Diane Black",79
"SUMNER","02B Fountain Head","State Senate","18","REP","Diane Black",38
"SUMNER","03A Cairo","State Senate","18","REP","Diane Black",75
"SUMNER","03B Castalian Spgs","State Senate","18","REP","Diane Black",61
"SUMNER","03C Civic Center","State Senate","18","REP","Diane Black",89
"SUMNER","03D Bushes Chapel","State Senate","18","REP","Diane Black",52
"SUMNER","04A Cnty Admin Bldg","State Senate","18","REP","Diane Black",150
"SUMNER","08B Lakeside","State Senate","18","REP","Diane Black",376
"SUMNER","09A Nannie Berry","State Senate","18","REP","Diane Black",329
"SUMNER","09B Indian Lake","State Senate","18","REP","Diane Black",422
"SUMNER","10A Walton Ferry","State Senate","18","REP","Diane Black",244
"SUMNER","10B Good Shepherd","State Senate","18","REP","Diane Black",392
"SUMNER","11A Hunter Middle","State Senate","18","REP","Diane Black",156
"SUMNER","11B Madison Creek","State Senate","18","REP","Diane Black",275
"SUMNER","11C Millersville","State Senate","18","REP","Diane Black",39
"SUMNER","12A Oakmont","State Senate","18","REP","Diane Black",128
"SUMNER","07A Magnet School","State Senate","18","REP","Diane Black",258
"SUMNER","07B Saundersville","State Senate","18","REP","Diane Black",261
"SUMNER","07C Long Hollow","State Senate","18","REP","Diane Black",235
"SUMNER","08A Brown Elem","State Senate","18","REP","Diane Black",239
"SUMNER","EARLY C","State Senate","18","REP","Diane Black",277
"SUMNER","EARLY D","State Senate","18","REP","Diane Black",166
"SUMNER","EARLY E","State Senate","18","REP","Diane Black",72
"SUMNER","EARLY B","State Senate","18","REP","Diane Black",177
"SUMNER","12B White House","State Senate","18","REP","Diane Black",155
"SUMNER","ABS & SATELLITE","State Senate","18","REP","Diane Black",332
"SUMNER","01C Corinth","State Senate","18","REP","Diane Black",35
"SUMNER","EARLY A","State Senate","18","REP","Diane Black",162
"HOUSTON","2 Armory","State Senate","22","REP","Brenda Radford",6
"HOUSTON","3 Erin City Hall","State Senate","22","REP","Brenda Radford",0
"HOUSTON","4 Senior Citiz Bldg","State Senate","22","REP","Brenda Radford",1
"HOUSTON","6 Middle School","State Senate","22","REP","Brenda Radford",12
"CHEATHAM","ABSENTEE","State Senate","22","REP","Brenda Radford",21
"CHEATHAM","EARLY","State Senate","22","REP","Brenda Radford",95
"HOUSTON","1 Stewart CC","State Senate","22","REP","Brenda Radford",1
"CHEATHAM","1-1 AC Church Christ","State Senate","22","REP","Brenda Radford",26
"CHEATHAM","2-1 E. Cheatham Elem","State Senate","22","REP","Brenda Radford",51
"CHEATHAM","3-1 Pleasant View","State Senate","22","REP","Brenda Radford",102
"HOUSTON","5 Erin Elementary","State Senate","22","REP","Brenda Radford",7
"MONTGOMERY","19","State Senate","22","REP","Brenda Radford",73
"MONTGOMERY","20","State Senate","22","REP","Brenda Radford",77
"MONTGOMERY","21","State Senate","22","REP","Brenda Radford",24
"MONTGOMERY","ABSENTEE","State Senate","22","REP","Brenda Radford",203
"MONTGOMERY","EARLY","State Senate","22","REP","Brenda Radford",1258
"CHEATHAM","6-1 Harpeth High","State Senate","22","REP","Brenda Radford",68
"MONTGOMERY","02","State Senate","22","REP","Brenda Radford",55
"MONTGOMERY","03A","State Senate","22","REP","Brenda Radford",50
"MONTGOMERY","03B","State Senate","22","REP","Brenda Radford",26
"MONTGOMERY","04A","State Senate","22","REP","Brenda Radford",54
"MONTGOMERY","04B","State Senate","22","REP","Brenda Radford",64
"MONTGOMERY","05","State Senate","22","REP","Brenda Radford",79
"MONTGOMERY","06A","State Senate","22","REP","Brenda Radford",63
"MONTGOMERY","06B","State Senate","22","REP","Brenda Radford",50
"HOUSTON","7 County Garage","State Senate","22","REP","Brenda Radford",9
"HOUSTON","z-ABSENTEE","State Senate","22","REP","Brenda Radford",14
"HOUSTON","z-EARLY","State Senate","22","REP","Brenda Radford",12
"MONTGOMERY","01","State Senate","22","REP","Brenda Radford",57
"MONTGOMERY","12","State Senate","22","REP","Brenda Radford",26
"MONTGOMERY","13","State Senate","22","REP","Brenda Radford",20
"MONTGOMERY","14","State Senate","22","REP","Brenda Radford",39
"MONTGOMERY","15","State Senate","22","REP","Brenda Radford",29
"MONTGOMERY","16","State Senate","22","REP","Brenda Radford",43
"MONTGOMERY","17","State Senate","22","REP","Brenda Radford",11
"MONTGOMERY","18","State Senate","22","REP","Brenda Radford",26
"MONTGOMERY","10","State Senate","22","REP","Brenda Radford",28
"MONTGOMERY","07","State Senate","22","REP","Brenda Radford",83
"MONTGOMERY","08","State Senate","22","REP","Brenda Radford",3
"MONTGOMERY","09","State Senate","22","REP","Brenda Radford",31
"CHEATHAM","4-3 Sycamore Middle","State Senate","22","REP","Brenda Radford",18
"MONTGOMERY","11","State Senate","22","REP","Brenda Radford",38
"CHEATHAM","4-1 W Cheatham Elem","State Senate","22","REP","Brenda Radford",60
"CHEATHAM","4-2 New Hope CC","State Senate","22","REP","Brenda Radford",5
"CHEATHAM","5-1 Two Rivers Fire","State Senate","22","REP","Brenda Radford",32
"CHEATHAM","5-2 Pegram Elem","State Senate","22","REP","Brenda Radford",33
"HENRY","3-2 Lakewood","State Senate","24","REP","Dennis J. Doster",18
"HENRY","1-2 Cottage Grove","State Senate","24","REP","Dennis J. Doster",18
"HENRY","1-3 Buchanan","State Senate","24","REP","Dennis J. Doster",9
"HENRY","2-1 Henry","State Senate","24","REP","Dennis J. Doster",22
"HENRY","1-1 Puryear","State Senate","24","REP","Dennis J. Doster",27
"HENRY","2-3 Oakland","State Senate","24","REP","Dennis J. Doster",12
"HENRY","3-1 Russwood","State Senate","24","REP","Dennis J. Doster",20
"HENDERSON","12 Sardis","State Senate","24","REP","Dennis J. Doster",19
"HENRY","2-2 Mansfield","State Senate","24","REP","Dennis J. Doster",7
"BENTON","2 Camden High School","State Senate","24","REP","Dennis J. Doster",7
"BENTON","3 Benton Co. Court","State Senate","24","REP","Dennis J. Doster",8
"BENTON","4 Camden Elementary","State Senate","24","REP","Dennis J. Doster",20
"BENTON","5 Benton Co. Court","State Senate","24","REP","Dennis J. Doster",5
"BENTON","6 Big Sandy School","State Senate","24","REP","Dennis J. Doster",13
"BENTON","ABSENTEE","State Senate","24","REP","Dennis J. Doster",0
"BENTON","EARLY","State Senate","24","REP","Dennis J. Doster",0
"DECATUR","01 Dunbar","State Senate","24","REP","Dennis J. Doster",3
"DECATUR","02 Liberty","State Senate","24","REP","Dennis J. Doster",4
"DECATUR","02 Scotts Hill","State Senate","24","REP","Dennis J. Doster",18
"DECATUR","03 Beacon","State Senate","24","REP","Dennis J. Doster",5
"DECATUR","03 Decaturville","State Senate","24","REP","Dennis J. Doster",5
"DECATUR","04 Decaturville","State Senate","24","REP","Dennis J. Doster",2
"DECATUR","05 Parsons","State Senate","24","REP","Dennis J. Doster",1
"DECATUR","06 Parsons","State Senate","24","REP","Dennis J. Doster",13
"DECATUR","07 Jeanette","State Senate","24","REP","Dennis J. Doster",0
"DECATUR","07 Perryville","State Senate","24","REP","Dennis J. Doster",0
"DECATUR","08 Parsons","State Senate","24","REP","Dennis J. Doster",7
"DECATUR","09 Beacon","State Senate","24","REP","Dennis J. Doster",5
"DECATUR","09 Hydro","State Senate","24","REP","Dennis J. Doster",8
"DECATUR","ABSENTEE","State Senate","24","REP","Dennis J. Doster",0
"DECATUR","EARLY","State Senate","24","REP","Dennis J. Doster",40
"HENDERSON","01 Bargerton","State Senate","24","REP","Dennis J. Doster",11
"HENDERSON","02 Beaver","State Senate","24","REP","Dennis J. Doster",18
"HENDERSON","03 Fire Station #4","State Senate","24","REP","Dennis J. Doster",26
"HENDERSON","04 Christian Chapel","State Senate","24","REP","Dennis J. Doster",11
"HENDERSON","05 TN Tech Center","State Senate","24","REP","Dennis J. Doster",26
"HENDERSON","06 Civic Center","State Senate","24","REP","Dennis J. Doster",45
"HENDERSON","07 Darden","State Senate","24","REP","Dennis J. Doster",13
"HENDERSON","08 High School","State Senate","24","REP","Dennis J. Doster",59
"HENDERSON","09 Middleburg","State Senate","24","REP","Dennis J. Doster",11
"HENDERSON","10 Fire Station #10","State Senate","24","REP","Dennis J. Doster",20
"HENDERSON","13 Scotts Hill","State Senate","24","REP","Dennis J. Doster",32
"HENDERSON","14 South Haven","State Senate","24","REP","Dennis J. Doster",10
"HENDERSON","15 Westover","State Senate","24","REP","Dennis J. Doster",22
"HENDERSON","zABSENTEE","State Senate","24","REP","Dennis J. Doster",0
"HENDERSON","zEARLY","State Senate","24","REP","Dennis J. Doster",0
"BENTON","1 Holladay School","State Senate","24","REP","Dennis J. Doster",11
"PERRY","101 Cedar Creek Sch","State Senate","24","REP","Dennis J. Doster",5
"PERRY","102 Marsh Creek","State Senate","24","REP","Dennis J. Doster",1
"PERRY","201 Pineview","State Senate","24","REP","Dennis J. Doster",1
"PERRY","202 Pope","State Senate","24","REP","Dennis J. Doster",2
"PERRY","301 Coon Creek","State Senate","24","REP","Dennis J. Doster",0
"PERRY","302 Flatwoods","State Senate","24","REP","Dennis J. Doster",1
"PERRY","401 Brush Creek","State Senate","24","REP","Dennis J. Doster",1
"PERRY","403 Lobelville Elem","State Senate","24","REP","Dennis J. Doster",5
"PERRY","501 Perry Co. Court","State Senate","24","REP","Dennis J. Doster",1
"PERRY","601 Lobelville City","State Senate","24","REP","Dennis J. Doster",1
"HENRY","3-3 Springville","State Senate","24","REP","Dennis J. Doster",4
"HENRY","4-1 City Hall","State Senate","24","REP","Dennis J. Doster",7
"HENRY","4-2 Grove","State Senate","24","REP","Dennis J. Doster",9
"HENRY","5-1 Henry Co High","State Senate","24","REP","Dennis J. Doster",18
"HENRY","5-2 Vocational Sch","State Senate","24","REP","Dennis J. Doster",29
"HENRY","ABSENTEE","State Senate","24","REP","Dennis J. Doster",0
"HENRY","EARLY","State Senate","24","REP","Dennis J. Doster",113
"LAKE","1 Tiptonville SR Cit","State Senate","24","REP","Dennis J. Doster",2
"LAKE","2 Lake County High","State Senate","24","REP","Dennis J. Doster",13
"LAKE","3 Courthouse","State Senate","24","REP","Dennis J. Doster",16
"LAKE","4 Lake Co Jr High","State Senate","24","REP","Dennis J. Doster",23
"LAKE","ABSENTEE","State Senate","24","REP","Dennis J. Doster",1
"LAKE","EARLY","State Senate","24","REP","Dennis J. Doster",21
"OBION","1-1 South Fulton","State Senate","24","REP","Dennis J. Doster",42
"OBION","2-1 Fire Station","State Senate","24","REP","Dennis J. Doster",32
"OBION","2-4 Woodland","State Senate","24","REP","Dennis J. Doster",30
"OBION","3-2 Kenton","State Senate","24","REP","Dennis J. Doster",29
"OBION","3-4 Rives","State Senate","24","REP","Dennis J. Doster",24
"OBION","4-1 Fair Grounds","State Senate","24","REP","Dennis J. Doster",25
"OBION","5-2 Cloverdale","State Senate","24","REP","Dennis J. Doster",12
"OBION","5-4 Hornbeak","State Senate","24","REP","Dennis J. Doster",29
"OBION","5-5 Samburg","State Senate","24","REP","Dennis J. Doster",13
"HENDERSON","11 Reagan","State Senate","24","REP","Dennis J. Doster",6
"WEAKLEY","ABSENTEE","State Senate","24","REP","Dennis J. Doster",0
"WEAKLEY","EARLY","State Senate","24","REP","Dennis J. Doster",0
"OBION","ABSENTEE","State Senate","24","REP","Dennis J. Doster",0
"OBION","EARLY","State Senate","24","REP","Dennis J. Doster",178
"STEWART","2-1 Big Rock","State Senate","24","REP","Dennis J. Doster",36
"STEWART","3-1 Bumpus Mills","State Senate","24","REP","Dennis J. Doster",58
"STEWART","4-1 Church Street","State Senate","24","REP","Dennis J. Doster",26
"STEWART","5-1 Natcor Drive","State Senate","24","REP","Dennis J. Doster",26
"STEWART","5-2 Leatherwood","State Senate","24","REP","Dennis J. Doster",10
"STEWART","6-1 County Library","State Senate","24","REP","Dennis J. Doster",30
"STEWART","7-1 Cumberland City","State Senate","24","REP","Dennis J. Doster",27
"STEWART","7-2 Carlisle","State Senate","24","REP","Dennis J. Doster",9
"STEWART","ABSENTEE","State Senate","24","REP","Dennis J. Doster",0
"PERRY","ABSENTEE","State Senate","24","REP","Dennis J. Doster",10
"PERRY","EARLY","State Senate","24","REP","Dennis J. Doster",0
"STEWART","1-1 Indian Mound","State Senate","24","REP","Dennis J. Doster",55
"WEAKLEY","02 Gleason Fire","State Senate","24","REP","Dennis J. Doster",85
"WEAKLEY","03 Greenfield Park","State Senate","24","REP","Dennis J. Doster",28
"WEAKLEY","04 Sharon Fire Sta","State Senate","24","REP","Dennis J. Doster",22
"WEAKLEY","05 Buster Williams","State Senate","24","REP","Dennis J. Doster",29
"WEAKLEY","06 Trinity Presbyt","State Senate","24","REP","Dennis J. Doster",10
"WEAKLEY","07 Martin Middle Sch","State Senate","24","REP","Dennis J. Doster",31
"WEAKLEY","08 First UMC","State Senate","24","REP","Dennis J. Doster",25
"WEAKLEY","09 Dresden Sen Citiz","State Senate","24","REP","Dennis J. Doster",26
"OBION","6-1 Troy","State Senate","24","REP","Dennis J. Doster",26
"STEWART","EARLY","State Senate","24","REP","Dennis J. Doster",225
"WEAKLEY","01A Palmersville VFD","State Senate","24","REP","Dennis J. Doster",32
"WEAKLEY","01B Latham VFD","State Senate","24","REP","Dennis J. Doster",33
"OBION","6-2 Obion","State Senate","24","REP","Dennis J. Doster",7
"OBION","7-2 Civic Auditorium","State Senate","24","REP","Dennis J. Doster",75
"FAYETTE","11 Piperton","State Senate","26","REP","Ron Stallings",37
"FAYETTE","14 Williston","State Senate","26","REP","Ron Stallings",26
"FAYETTE","15 Parks","State Senate","26","REP","Ron Stallings",24
"FAYETTE","12 Rossville","State Senate","26","REP","Ron Stallings",16
"FAYETTE","13 Macon","State Senate","26","REP","Ron Stallings",17
"FAYETTE","ABSENTEE","State Senate","26","REP","Ron Stallings",0
"FAYETTE","EARLY","State Senate","26","REP","Ron Stallings",0
"FAYETTE","16 Moscow","State Senate","26","REP","Ron Stallings",15
"FAYETTE","17 LaGrange","State Senate","26","REP","Ron Stallings",21
"FAYETTE","08 Oakland","State Senate","26","REP","Ron Stallings",198
"FAYETTE","09 Hickory Withe","State Senate","26","REP","Ron Stallings",92
"FAYETTE","10 Elba","State Senate","26","REP","Ron Stallings",56
"MCNAIRY","4 Rose Creek","State Senate","26","REP","Ron Stallings",63
"MCNAIRY","5 Chewalla","State Senate","26","REP","Ron Stallings",28
"MCNAIRY","5 Cypress","State Senate","26","REP","Ron Stallings",31
"MCNAIRY","5 East View","State Senate","26","REP","Ron Stallings",28
"MCNAIRY","5 Guys","State Senate","26","REP","Ron Stallings",8
"MCNAIRY","5 Ramer","State Senate","26","REP","Ron Stallings",39
"MCNAIRY","6 Courthouse SE","State Senate","26","REP","Ron Stallings",152
"MCNAIRY","7 Michie","State Senate","26","REP","Ron Stallings",33
"MCNAIRY","7 Stantonville","State Senate","26","REP","Ron Stallings",36
"MCNAIRY","ABSENTEE","State Senate","26","REP","Ron Stallings",0
"MCNAIRY","EARLY","State Senate","26","REP","Ron Stallings",0
"WAYNE","1 Waynesboro City","State Senate","26","REP","Ron Stallings",33
"WAYNE","2 Clifton","State Senate","26","REP","Ron Stallings",7
"WAYNE","3 Beech Creek Fire","State Senate","26","REP","Ron Stallings",6
"WAYNE","3 Crazy Horse","State Senate","26","REP","Ron Stallings",6
"WAYNE","3 Eagle Creek Fire","State Senate","26","REP","Ron Stallings",17
"WAYNE","4 Collinwood City","State Senate","26","REP","Ron Stallings",33
"WAYNE","4 Shawnatee","State Senate","26","REP","Ron Stallings",26
"WAYNE","5 Big Cypress","State Senate","26","REP","Ron Stallings",25
"WAYNE","5 Lutts","State Senate","26","REP","Ron Stallings",11
"WAYNE","5 Wayne Co High","State Senate","26","REP","Ron Stallings",7
"WAYNE","6 Holly Crk Fire","State Senate","26","REP","Ron Stallings",19
"WAYNE","6 Southgate Fire","State Senate","26","REP","Ron Stallings",15
"WAYNE","7 Buffalo River Fire","State Senate","26","REP","Ron Stallings",4
"WAYNE","7 Ovilla Fire Hall","State Senate","26","REP","Ron Stallings",22
"WAYNE","ABSENTEE","State Senate","26","REP","Ron Stallings",15
"WAYNE","EARLY","State Senate","26","REP","Ron Stallings",56
"CROCKETT","EARLY","State Senate","26","REP","Ron Stallings",62
"FAYETTE","01 Somerville City","State Senate","26","REP","Ron Stallings",78
"FAYETTE","02 Warren","State Senate","26","REP","Ron Stallings",23
"FAYETTE","03 Fayette Corner","State Senate","26","REP","Ron Stallings",25
"FAYETTE","05 Longtown","State Senate","26","REP","Ron Stallings",7
"FAYETTE","06 Braden","State Senate","26","REP","Ron Stallings",3
"FAYETTE","07 Gallaway","State Senate","26","REP","Ron Stallings",23
"MCNAIRY","3 North East Selmer","State Senate","26","REP","Ron Stallings",97
"MCNAIRY","3 Purdy","State Senate","26","REP","Ron Stallings",16
"MCNAIRY","4 North Selmer","State Senate","26","REP","Ron Stallings",104
"HARDIN","15 Walnut Grove","State Senate","26","REP","Ron Stallings",31
"HARDIN","16 North","State Senate","26","REP","Ron Stallings",18
"HARDIN","17 Courthouse","State Senate","26","REP","Ron Stallings",7
"HARDIN","18 Fairground","State Senate","26","REP","Ron Stallings",12
"HARDIN","ABSENTEE","State Senate","26","REP","Ron Stallings",0
"HARDIN","EARLY","State Senate","26","REP","Ron Stallings",59
"HAYWOOD","01 City Hall","State Senate","26","REP","Ron Stallings",2
"HAYWOOD","02 Parks & Recreat","State Senate","26","REP","Ron Stallings",10
"HAYWOOD","03 Courthouse","State Senate","26","REP","Ron Stallings",2
"HARDEMAN","Bolivar","State Senate","26","REP","Ron Stallings",71
"HARDEMAN","Campbell Chapel","State Senate","26","REP","Ron Stallings",42
"HARDEMAN","Grand Junction","State Senate","26","REP","Ron Stallings",37
"HARDEMAN","Hickory Valley","State Senate","26","REP","Ron Stallings",72
"HARDEMAN","Hornsby","State Senate","26","REP","Ron Stallings",61
"HARDEMAN","Lacy","State Senate","26","REP","Ron Stallings",51
"HARDEMAN","Middleton","State Senate","26","REP","Ron Stallings",181
"HARDEMAN","Pocahontas","State Senate","26","REP","Ron Stallings",37
"HARDEMAN","Saulsbury","State Senate","26","REP","Ron Stallings",36
"HARDEMAN","Silerton","State Senate","26","REP","Ron Stallings",48
"HARDEMAN","Toone","State Senate","26","REP","Ron Stallings",43
"HARDEMAN","West Bolivar","State Senate","26","REP","Ron Stallings",169
"HARDEMAN","Whiteville","State Senate","26","REP","Ron Stallings",34
"HARDEMAN","z-ABSENTEE","State Senate","26","REP","Ron Stallings",556
"HARDEMAN","z-EARLY","State Senate","26","REP","Ron Stallings",0
"HARDIN","01 Armory","State Senate","26","REP","Ron Stallings",7
"HARDIN","02 Olivet","State Senate","26","REP","Ron Stallings",2
"HARDIN","03 Nixon","State Senate","26","REP","Ron Stallings",10
"HARDIN","04 Walkers","State Senate","26","REP","Ron Stallings",6
"HARDIN","05 Counce","State Senate","26","REP","Ron Stallings",8
"HARDIN","06 Southside","State Senate","26","REP","Ron Stallings",6
"HARDIN","07 Shiloh","State Senate","26","REP","Ron Stallings",8
"FAYETTE","04 Garnett","State Senate","26","REP","Ron Stallings",12
"MCNAIRY","2 Lawton","State Senate","26","REP","Ron Stallings",30
"MCNAIRY","2 Milledgeville","State Senate","26","REP","Ron Stallings",8
"MCNAIRY","3 Leapwood","State Senate","26","REP","Ron Stallings",22
"CHESTER","1-2 Enville","State Senate","26","REP","Ron Stallings",20
"CHESTER","1-3 Center Point","State Senate","26","REP","Ron Stallings",3
"CHESTER","1-4 Cabo","State Senate","26","REP","Ron Stallings",5
"CHESTER","1-5 Sweet Lips","State Senate","26","REP","Ron Stallings",12
"CHESTER","1-6 Harmony","State Senate","26","REP","Ron Stallings",11
"CHESTER","2-1 Jacks Creek","State Senate","26","REP","Ron Stallings",26
"CHESTER","2-2 Glendale","State Senate","26","REP","Ron Stallings",14
"CHESTER","2-3 Friendship","State Senate","26","REP","Ron Stallings",7
"CHESTER","2-4 Mifflin","State Senate","26","REP","Ron Stallings",6
"CHESTER","3-2 Montezuma","State Senate","26","REP","Ron Stallings",37
"CHESTER","3-4 Masseyville","State Senate","26","REP","Ron Stallings",8
"CHESTER","3-5 Woodville","State Senate","26","REP","Ron Stallings",4
"HAYWOOD","03 East Side School","State Senate","26","REP","Ron Stallings",1
"HAYWOOD","04 College Hill Thea","State Senate","26","REP","Ron Stallings",25
"HAYWOOD","05 Belle Eagle","State Senate","26","REP","Ron Stallings",4
"HAYWOOD","05 Forked Deer","State Senate","26","REP","Ron Stallings",11
"HAYWOOD","05 Nutbush","State Senate","26","REP","Ron Stallings",5
"HAYWOOD","05 Tibbs","State Senate","26","REP","Ron Stallings",9
"HAYWOOD","06 City Fire Dept","State Senate","26","REP","Ron Stallings",5
"HAYWOOD","06 Holly Grove","State Senate","26","REP","Ron Stallings",5
"HAYWOOD","07 Sunny Hill School","State Senate","26","REP","Ron Stallings",6
"HAYWOOD","07 Union","State Senate","26","REP","Ron Stallings",6
"HAYWOOD","08 Douglas","State Senate","26","REP","Ron Stallings",2
"HAYWOOD","08 Koko","State Senate","26","REP","Ron Stallings",16
"HAYWOOD","08 Stanton Head Strt","State Senate","26","REP","Ron Stallings",2
"HAYWOOD","09 College Hill Cafe","State Senate","26","REP","Ron Stallings",5
"HAYWOOD","09 Stanton City Hall","State Senate","26","REP","Ron Stallings",9
"HAYWOOD","09 West Haywood CC","State Senate","26","REP","Ron Stallings",2
"HAYWOOD","10 Haywood Junior Hi","State Senate","26","REP","Ron Stallings",33
"HAYWOOD","10 St. Peters Church","State Senate","26","REP","Ron Stallings",6
"HAYWOOD","ABSENTEE","State Senate","26","REP","Ron Stallings",0
"HAYWOOD","EARLY","State Senate","26","REP","Ron Stallings",0
"MCNAIRY","1 Bethel Springs","State Senate","26","REP","Ron Stallings",76
"MCNAIRY","1 Finger","State Senate","26","REP","Ron Stallings",32
"MCNAIRY","1 McNairy","State Senate","26","REP","Ron Stallings",61
"MCNAIRY","2 Adamsville","State Senate","26","REP","Ron Stallings",60
"HARDIN","08 Crump","State Senate","26","REP","Ron Stallings",13
"HARDIN","09 Saltillo","State Senate","26","REP","Ron Stallings",6
"HARDIN","10 Morris Chapel","State Senate","26","REP","Ron Stallings",8
"HARDIN","11 Cerro Gordo","State Senate","26","REP","Ron Stallings",7
"HARDIN","12 Rhodes","State Senate","26","REP","Ron Stallings",2
"HARDIN","13 Olive Hill","State Senate","26","REP","Ron Stallings",7
"HARDIN","14 Whites","State Senate","26","REP","Ron Stallings",23
"CHESTER","EARLY","State Senate","26","REP","Ron Stallings",256
"CROCKETT","01","State Senate","26","REP","Ron Stallings",3
"CROCKETT","02","State Senate","26","REP","Ron Stallings",5
"CROCKETT","03","State Senate","26","REP","Ron Stallings",6
"CROCKETT","04","State Senate","26","REP","Ron Stallings",7
"CROCKETT","05","State Senate","26","REP","Ron Stallings",4
"CROCKETT","06","State Senate","26","REP","Ron Stallings",5
"CHESTER","3-6 Deanburg","State Senate","26","REP","Ron Stallings",29
"CHESTER","4 West Chester Sch","State Senate","26","REP","Ron Stallings",69
"CHESTER","5 East Chester Sch","State Senate","26","REP","Ron Stallings",62
"CHESTER","6 City Hall","State Senate","26","REP","Ron Stallings",27
"CHESTER","ABSENTEE","State Senate","26","REP","Ron Stallings",0
"CROCKETT","12","State Senate","26","REP","Ron Stallings",12
"CROCKETT","ABSENTEE","State Senate","26","REP","Ron Stallings",0
"CROCKETT","09","State Senate","26","REP","Ron Stallings",16
"CROCKETT","10","State Senate","26","REP","Ron Stallings",7
"CROCKETT","07","State Senate","26","REP","Ron Stallings",7
"CROCKETT","08","State Senate","26","REP","Ron Stallings",15
"CROCKETT","11","State Senate","26","REP","Ron Stallings",14
"SHELBY","Memphis 45-2","State Senate","30","REP","Johnny Hatcher, Jr.",8
"SHELBY","Memphis 45-4","State Senate","30","REP","Johnny Hatcher, Jr.",100
"SHELBY","Memphis 46-2","State Senate","30","REP","Johnny Hatcher, Jr.",55
"SHELBY","Memphis 47-1","State Senate","30","REP","Johnny Hatcher, Jr.",2
"SHELBY","Memphis 47-2","State Senate","30","REP","Johnny Hatcher, Jr.",3
"SHELBY","Memphis 46-1","State Senate","30","REP","Johnny Hatcher, Jr.",35
"SHELBY","Memphis 44-4","State Senate","30","REP","Johnny Hatcher, Jr.",52
"SHELBY","Memphis 45-1","State Senate","30","REP","Johnny Hatcher, Jr.",71
"SHELBY","Memphis 16-1","State Senate","30","REP","Johnny Hatcher, Jr.",94
"SHELBY","Memphis 17","State Senate","30","REP","Johnny Hatcher, Jr.",28
"SHELBY","Memphis 20-1","State Senate","30","REP","Johnny Hatcher, Jr.",127
"SHELBY","Memphis 28-1","State Senate","30","REP","Johnny Hatcher, Jr.",32
"SHELBY","Memphis 28-2","State Senate","30","REP","Johnny Hatcher, Jr.",26
"SHELBY","Memphis 29-2","State Senate","30","REP","Johnny Hatcher, Jr.",0
"SHELBY","Memphis 30","State Senate","30","REP","Johnny Hatcher, Jr.",58
"SHELBY","Memphis 33","State Senate","30","REP","Johnny Hatcher, Jr.",20
"SHELBY","Memphis 36-1","State Senate","30","REP","Johnny Hatcher, Jr.",74
"SHELBY","Memphis 44-1","State Senate","30","REP","Johnny Hatcher, Jr.",68
"SHELBY","Memphis 44-2","State Senate","30","REP","Johnny Hatcher, Jr.",134
"SHELBY","Memphis 44-3","State Senate","30","REP","Johnny Hatcher, Jr.",90
"SHELBY","Memphis 73-3","State Senate","30","REP","Johnny Hatcher, Jr.",28
"SHELBY","Memphis 74-1","State Senate","30","REP","Johnny Hatcher, Jr.",92
"SHELBY","Memphis 74-4","State Senate","30","REP","Johnny Hatcher, Jr.",9
"SHELBY","Memphis 74-5","State Senate","30","REP","Johnny Hatcher, Jr.",66
"SHELBY","Memphis 74-9","State Senate","30","REP","Johnny Hatcher, Jr.",17
"SHELBY","Memphis 93-1","State Senate","30","REP","Johnny Hatcher, Jr.",12
"SHELBY","Memphis 93-3","State Senate","30","REP","Johnny Hatcher, Jr.",37
"SHELBY","z-ABSENTEE","State Senate","30","REP","Johnny Hatcher, Jr.",121
"SHELBY","z-EARLY","State Senate","30","REP","Johnny Hatcher, Jr.",1623
"SHELBY","Memphis 47-3","State Senate","30","REP","Johnny Hatcher, Jr.",3
"SHELBY","Memphis 55-1","State Senate","30","REP","Johnny Hatcher, Jr.",73
"SHELBY","Memphis 55-2","State Senate","30","REP","Johnny Hatcher, Jr.",187
"SHELBY","Memphis 56-1","State Senate","30","REP","Johnny Hatcher, Jr.",86
"SHELBY","Memphis 56-2","State Senate","30","REP","Johnny Hatcher, Jr.",204
"SHELBY","Memphis 56-3","State Senate","30","REP","Johnny Hatcher, Jr.",61
"SHELBY","Memphis 57","State Senate","30","REP","Johnny Hatcher, Jr.",220
"SHELBY","Memphis 58-1","State Senate","30","REP","Johnny Hatcher, Jr.",53
"SHELBY","Memphis 58-2","State Senate","30","REP","Johnny Hatcher, Jr.",28
"SHELBY","Memphis 58-3","State Senate","30","REP","Johnny Hatcher, Jr.",5
"SHELBY","Memphis 58-4","State Senate","30","REP","Johnny Hatcher, Jr.",80
"SHELBY","Memphis 59-1","State Senate","30","REP","Johnny Hatcher, Jr.",0
"SHELBY","Memphis 59-2","State Senate","30","REP","Johnny Hatcher, Jr.",5
"SHELBY","Memphis 59-3","State Senate","30","REP","Johnny Hatcher, Jr.",0
"SHELBY","Memphis 59-4","State Senate","30","REP","Johnny Hatcher, Jr.",2
"SHELBY","Memphis 59-5","State Senate","30","REP","Johnny Hatcher, Jr.",3
"SHELBY","Memphis 60-10","State Senate","30","REP","Johnny Hatcher, Jr.",1
"SHELBY","Memphis 61","State Senate","30","REP","Johnny Hatcher, Jr.",0
"SHELBY","Memphis 64","State Senate","30","REP","Johnny Hatcher, Jr.",234
"SHELBY","Memphis 65-1","State Senate","30","REP","Johnny Hatcher, Jr.",174
"SHELBY","Memphis 65-2","State Senate","30","REP","Johnny Hatcher, Jr.",67
"SHELBY","Memphis 66-1","State Senate","30","REP","Johnny Hatcher, Jr.",77
"SHELBY","Memphis 66-2","State Senate","30","REP","Johnny Hatcher, Jr.",71
"SHELBY","Memphis 67-1","State Senate","30","REP","Johnny Hatcher, Jr.",101
"SHELBY","Memphis 29-1","State Senate","30","REP","Johnny Hatcher, Jr.",11
"SHELBY","Memphis 68-3","State Senate","30","REP","Johnny Hatcher, Jr.",164
"SHELBY","Memphis 67-2","State Senate","30","REP","Johnny Hatcher, Jr.",137
"SHELBY","Memphis 67-3","State Senate","30","REP","Johnny Hatcher, Jr.",209
"SHELBY","Memphis 68-2","State Senate","30","REP","Johnny Hatcher, Jr.",122
"SHELBY","Memphis 73-1","State Senate","30","REP","Johnny Hatcher, Jr.",8
"SHELBY","Memphis 73-2","State Senate","30","REP","Johnny Hatcher, Jr.",3
"TIPTON","12 West Munford","State Senate","32","REP","Mark Norris",121
"TIPTON","20 Mason","State Senate","32","REP","Mark Norris",5
"TIPTON","21 West Wilkinsville","State Senate","32","REP","Mark Norris",44
"TIPTON","22 West Brighton","State Senate","32","REP","Mark Norris",39
"TIPTON","19 Clopton","State Senate","32","REP","Mark Norris",32
"TIPTON","ABSENTEE","State Senate","32","REP","Mark Norris",0
"TIPTON","EARLY","State Senate","32","REP","Mark Norris",204
"TIPTON","23 East Brighton","State Senate","32","REP","Mark Norris",46
"DYER","A- Bonicord","State Senate","32","REP","Mark Norris",14
"DYER","A- Fowlkes","State Senate","32","REP","Mark Norris",39
"DYER","B- Newbern","State Senate","32","REP","Mark Norris",44
"DYER","C1- Tatumville","State Senate","32","REP","Mark Norris",20
"DYER","C2- Trimble","State Senate","32","REP","Mark Norris",7
"DYER","C3- Roellen","State Senate","32","REP","Mark Norris",18
"DYER","D1- Millsfield","State Senate","32","REP","Mark Norris",63
"DYER","D2- Bogota","State Senate","32","REP","Mark Norris",23
"DYER","E- Finley","State Senate","32","REP","Mark Norris",9
"DYER","E- Lenox","State Senate","32","REP","Mark Norris",29
"DYER","F- Dyer County Cntrl","State Senate","32","REP","Mark Norris",0
"DYER","G- Courthouse","State Senate","32","REP","Mark Norris",69
"DYER","H- E. Dyersburg","State Senate","32","REP","Mark Norris",30
"DYER","I- Community Center","State Senate","32","REP","Mark Norris",35
"DYER","I- Hurricane Hill","State Senate","32","REP","Mark Norris",13
"DYER","J- N. Dyersburg","State Senate","32","REP","Mark Norris",146
"DYER","z-ABSENTEE","State Senate","32","REP","Mark Norris",0
"DYER","z-EARLY","State Senate","32","REP","Mark Norris",0
"LAUDERDALE","Arp","State Senate","32","REP","Mark Norris",31
"LAUDERDALE","Central","State Senate","32","REP","Mark Norris",52
"LAUDERDALE","Conner","State Senate","32","REP","Mark Norris",27
"LAUDERDALE","Curve","State Senate","32","REP","Mark Norris",18
"LAUDERDALE","Edith","State Senate","32","REP","Mark Norris",24
"LAUDERDALE","Gates","State Senate","32","REP","Mark Norris",19
"TIPTON","13 East Munford","State Senate","32","REP","Mark Norris",104
"TIPTON","14 Drummonds","State Senate","32","REP","Mark Norris",57
"TIPTON","15 Quito","State Senate","32","REP","Mark Norris",46
"TIPTON","16 Corona","State Senate","32","REP","Mark Norris",1
"TIPTON","17 Reverie","State Senate","32","REP","Mark Norris",0
"TIPTON","18 Randolph","State Senate","32","REP","Mark Norris",30
"LAUDERDALE","Price","State Senate","32","REP","Mark Norris",4
"LAUDERDALE","Ripley 2","State Senate","32","REP","Mark Norris",50
"LAUDERDALE","Ripley 3","State Senate","32","REP","Mark Norris",130
"LAUDERDALE","Ripley 4","State Senate","32","REP","Mark Norris",40
"LAUDERDALE","X-Crossroads","State Senate","32","REP","Mark Norris",24
"LAUDERDALE","z-ABSENTEE","State Senate","32","REP","Mark Norris",0
"LAUDERDALE","z-EARLY","State Senate","32","REP","Mark Norris",0
"SHELBY","Arlington","State Senate","32","REP","Mark Norris",221
"SHELBY","Bartlett 04","State Senate","32","REP","Mark Norris",183
"SHELBY","Bartlett 08","State Senate","32","REP","Mark Norris",168
"SHELBY","Bartlett 12","State Senate","32","REP","Mark Norris",307
"SHELBY","Brunswick 02","State Senate","32","REP","Mark Norris",150
"SHELBY","Collierville 01","State Senate","32","REP","Mark Norris",372
"SHELBY","Collierville 06","State Senate","32","REP","Mark Norris",375
"SHELBY","Eads","State Senate","32","REP","Mark Norris",191
"SHELBY","Germantown 12","State Senate","32","REP","Mark Norris",35
"SHELBY","Kerrville","State Senate","32","REP","Mark Norris",113
"SHELBY","Lakeland 01","State Senate","32","REP","Mark Norris",206
"SHELBY","Lakeland 02","State Senate","32","REP","Mark Norris",187
"SHELBY","Stewartville","State Senate","32","REP","Mark Norris",155
"SHELBY","z-ABSENTEE","State Senate","32","REP","Mark Norris",19
"SHELBY","z-EARLY","State Senate","32","REP","Mark Norris",1039
"TIPTON","01 Fire Sta North #1","State Senate","32","REP","Mark Norris",18
"TIPTON","02 East Covington","State Senate","32","REP","Mark Norris",10
"TIPTON","03 SE Covington","State Senate","32","REP","Mark Norris",22
"TIPTON","04 Fire Sta South #2","State Senate","32","REP","Mark Norris",18
"TIPTON","05 Charleston","State Senate","32","REP","Mark Norris",13
"TIPTON","06 W. Covington","State Senate","32","REP","Mark Norris",22
"TIPTON","07 Garland","State Senate","32","REP","Mark Norris",21
"TIPTON","08 Burlison","State Senate","32","REP","Mark Norris",26
"TIPTON","09 Gilt Edge","State Senate","32","REP","Mark Norris",24
"TIPTON","10 West Atoka","State Senate","32","REP","Mark Norris",42
"LAUDERDALE","Glimp","State Senate","32","REP","Mark Norris",15
"LAUDERDALE","Halls 8","State Senate","32","REP","Mark Norris",76
"LAUDERDALE","Henning","State Senate","32","REP","Mark Norris",18
"LAUDERDALE","Lightfoot","State Senate","32","REP","Mark Norris",30
"LAUDERDALE","McBride","State Senate","32","REP","Mark Norris",17
"LAUDERDALE","Nankipoo","State Senate","32","REP","Mark Norris",41
"TIPTON","11 East Atoka","State Senate","32","REP","Mark Norris",83
